{"nodes": [["NzWLMPvbEval0OVg_YDn4g", "CvMVd31cnTfzMUsHDXm4zQ", "r1-q55pT9p6vV9ODSMiq6w"]], "results": [{"std": 56.723808052703944, "time": 18.100000143051147, "mean": 8979.6399999999994}]}