{"nodes": [["CvMVd31cnTfzMUsHDXm4zQ", "4G68oLRY3aHE5XUt_MUUcA", "ts7EG6Zv2zdMDg29nyqGfA"]], "results": [{"std": 72.933394271760037, "time": 19.26800012588501, "mean": 8479.6000000000004}]}