{"nodes": [["uAaVLbINKJY6pS2zq__OCw", "bnVjfyPIsh1dQ8iC1zXNkw", "Q2IjtiCGN2F3oJlF7K1QBQ"]], "results": [{"std": 63.138058253322932, "time": 18.89400005340576, "mean": 8985.1599999999999}]}