{"nodes": [["VhI6xyylcAxi0wOy2HOX3w", "CvMVd31cnTfzMUsHDXm4zQ", "uDnE-DVo0MTFLC52-pMU5g"]], "results": [{"std": 47.464614187834712, "time": 18.85800004005432, "mean": 8976.5200000000004}]}