{"nodes": [["s9I4KMcrHKki44g_eTrYqQ", "nRApdAreOVYQt2hgpJxUZQ", "xxNNSpo9HMfHEEaT215fuQ"]], "results": [{"std": 51.400217898370819, "time": 22.72000002861023, "mean": 8969.2399999999998}]}