{"nodes": [["s9I4KMcrHKki44g_eTrYqQ", "LP0bl3GKToABt3lnpSvA2w", "znSMP7mggycgF-NP1rz93g"]], "results": [{"std": 53.596641685837, "time": 17.937000036239624, "mean": 8979.7999999999993}]}