{"nodes": [["4G68oLRY3aHE5XUt_MUUcA", "APcO7l4Yz3AJ7_m8qTD5KA", "bsWn97w_kSEg9aHEibFf0w"]], "results": [{"std": 54.093992272709912, "time": 18.465999841690063, "mean": 8972.3999999999996}]}