{"nodes": [["VhI6xyylcAxi0wOy2HOX3w", "4G68oLRY3aHE5XUt_MUUcA", "CvMVd31cnTfzMUsHDXm4zQ"]], "results": [{"std": 80.142445682671791, "time": 16.60800004005432, "mean": 8470.2199999999993}]}