{"nodes": [["4G68oLRY3aHE5XUt_MUUcA", "CvMVd31cnTfzMUsHDXm4zQ", "W6LTsXcY1R76M9EdeN0G6A"]], "results": [{"std": 72.754755171053944, "time": 15.95300006866455, "mean": 8467.8400000000001}]}