{"nodes": [["NzWLMPvbEval0OVg_YDn4g", "hcH5EJLjxpqp0QQNNMiA7w", "j36dkD_utKJsKM62UbWh9A"]], "results": [{"std": 54.882142815309244, "time": 19.537999868392944, "mean": 8967.5200000000004}]}