{"nodes": [["ox91LTTgHKcFI2xyIA5Org", "cxTh9xxqbs-m8Paq6jAumg", "wadTky-Lw9MVqDhiJUqPJA"]], "results": [{"std": 49.402789394931943, "time": 20.375999927520752, "mean": 8993.3799999999992}]}