{"nodes": [["E6Eh1bz6fpo6EOPtctA-sg", "7WjDi4ZTTUVYWsWeztWO7Q", "FDG85sQMtHuI2a0ix9ZBcw"]], "results": [{"std": 46.365508732246212, "time": 18.186000108718872, "mean": 8995.1399999999994}]}