{"nodes": [["Gcmjka7rll-RVWI65XnveQ", "mmpxArQBYju_3eiyjoyYZQ", "6A-dhjTEaiOpMOB3P5ghSA"]], "results": [{"std": 45.859092882437174, "time": 22.532999992370605, "mean": 8991.0599999999995}]}