{"nodes": [["NzWLMPvbEval0OVg_YDn4g", "4G68oLRY3aHE5XUt_MUUcA", "CvMVd31cnTfzMUsHDXm4zQ"]], "results": [{"std": 55.097589783946084, "time": 16.879000186920166, "mean": 8472.3400000000001}]}