{"nodes": [["0Dr8TIyGJGcGtqTp6jTInw", "uUAdoTpD6MCsurbkScVoXA", "ts7EG6Zv2zdMDg29nyqGfA"]], "results": [{"std": 52.724040057643535, "time": 16.736000061035156, "mean": 8998.6599999999999}]}