{"nodes": [["nHsj0cHOiroAsmDfF50BtA", "e5_suYooH1_smbI8zrXd5g", "ts7EG6Zv2zdMDg29nyqGfA"]], "results": [{"std": 52.919395310226285, "time": 22.469000101089478, "mean": 8972.7600000000002}]}