{"nodes": [["4G68oLRY3aHE5XUt_MUUcA", "CvMVd31cnTfzMUsHDXm4zQ", "ts7EG6Zv2zdMDg29nyqGfA"]], "results": [{"std": 82.164812419916103, "time": 16.34600019454956, "mean": 8467.9400000000005}]}