{"nodes": [["080yvEtzE2nTYqZfh0vqCQ", "ciwmaPlRffQddVi4ag9VqA", "da2OGn6BSWn-Ym1lwCYsHA"]], "results": [{"std": 52.740576409440202, "time": 19.22099995613098, "mean": 8990.5400000000009}]}