{"nodes": [["NzWLMPvbEval0OVg_YDn4g", "vM_VJVpUGzTsRGnxiCwfMA", "w40LVaUFG1A9WBQ1oDStrg"]], "results": [{"std": 53.289023259954774, "time": 18.391000032424927, "mean": 8977.2000000000007}]}