{"nodes": [["9AwL6zcoorNzQGRjHz9vHg", "HZtUdfqNNi3Klqadu7247w", "OYrEBnzYbL3dkoVdy1C10Q"]], "results": [{"std": 47.258438399930228, "time": 18.455000162124634, "mean": 8991.2000000000007}]}