{"nodes": [["W6LTsXcY1R76M9EdeN0G6A", "7ewE_dDxjXNppOj0EhhMIQ", "4P1AfdABykulRK6C-ww4sw"]], "results": [{"std": 42.069661277457413, "time": 20.224000215530396, "mean": 8980.0599999999995}]}