{"nodes": [["BgsoRxSldKtQaTxmkRyo9w", "4G68oLRY3aHE5XUt_MUUcA", "7aZgHv6JkpLrbvPBGYYyVQ"]], "results": [{"std": 50.453864074023109, "time": 17.893999814987183, "mean": 8992.2600000000002}]}