{"nodes": [["3_tyzReN9mfZZeeKXLs3Eg", "U3CB67gCHE24Zd_AnTdGrA", "ts7EG6Zv2zdMDg29nyqGfA"]], "results": [{"std": 52.643939822167567, "time": 17.57799983024597, "mean": 8966.6599999999999}]}