{"nodes": [["NzWLMPvbEval0OVg_YDn4g", "4G68oLRY3aHE5XUt_MUUcA", "ts7EG6Zv2zdMDg29nyqGfA"]], "results": [{"std": 73.162747351367273, "time": 16.359999895095825, "mean": 8453.8199999999997}]}