{"nodes": [["DK2gGNdN3ihOu_uwt2AgLg", "XZuMpc6E9RqZX4HXtmlr-g", "ts7EG6Zv2zdMDg29nyqGfA"]], "results": [{"std": 51.215060285037254, "time": 18.936000108718872, "mean": 8972.7600000000002}]}