{"nodes": [["eyIvIxkuOrP-ETazi397XA", "tFLi8-M6MOOrY5CsvWHRMA", "bIh2X-KBbvCQoOQphnyyBA"]], "results": [{"std": 57.85127483470005, "time": 22.534000158309937, "mean": 8994.8999999999996}]}