{"nodes": [["NzWLMPvbEval0OVg_YDn4g", "4G68oLRY3aHE5XUt_MUUcA", "CvMVd31cnTfzMUsHDXm4zQ"]], "results": [{"std": 73.839014077924958, "time": 16.730000019073486, "mean": 8466.2000000000007}]}