{"nodes": [["DtW-zMz1CCt3VkTj2Q9qwg", "kbumen3WgUyYtiDAMrkYlA", "0vCsoqHCgRSEusmxq3vHug"]], "results": [{"std": 48.816509502421411, "time": 18.81599998474121, "mean": 8986.2199999999993}]}