{"nodes": [["NzWLMPvbEval0OVg_YDn4g", "VVE1W4t-0uERJYW-KW_xUg", "Fe2YfpWUbUk8ePsPHRED3A"]], "results": [{"std": 56.69280024835605, "time": 22.562999963760376, "mean": 8973.0799999999999}]}