{"nodes": [["VInyj5x9Sqmdt_GHEcpFhA", "t0LSGvsw2xOYRfasReeSVQ", "A3xvkXE2PBMoxGUcDzGEHQ"]], "results": [{"std": 47.558805704096486, "time": 22.875999927520752, "mean": 8996.7999999999993}]}