{"nodes": [["j60JaPr8l-pproz4Q7BuMQ", "4zcXgHhG_J8wFPP6z9gmHw", "ZoPOmDnkx0Ud_GviadAebQ"]], "results": [{"std": 59.599090597088811, "time": 19.094000101089478, "mean": 8992.2199999999993}]}