{"nodes": [["fZ0xwYWgBwu8TasyNTtMpA", "xv7T4GNjmFddRvJu7qQIxA", "C3j3opcesIOdPoy7qzGgVQ"]], "results": [{"std": 48.876370569018313, "time": 22.221999883651733, "mean": 8993.9799999999996}]}