{"nodes": [["VhI6xyylcAxi0wOy2HOX3w", "4G68oLRY3aHE5XUt_MUUcA", "CvMVd31cnTfzMUsHDXm4zQ"]], "results": [{"std": 75.050638904675552, "time": 20.407000064849854, "mean": 8480.9599999999991}]}