{"nodes": [["s9I4KMcrHKki44g_eTrYqQ", "3GteArKIVRlJZjjRqqwgaQ", "RgRn7tjpAvLZy3y4S992eg"]], "results": [{"std": 57.14684243245641, "time": 18.936999797821045, "mean": 8967.2800000000007}]}