{"nodes": [["4G68oLRY3aHE5XUt_MUUcA", "CvMVd31cnTfzMUsHDXm4zQ", "W6LTsXcY1R76M9EdeN0G6A"]], "results": [{"std": 81.520993615141862, "time": 16.499000072479248, "mean": 8473.2600000000002}]}