{"nodes": [["NzWLMPvbEval0OVg_YDn4g", "4G68oLRY3aHE5XUt_MUUcA", "CvMVd31cnTfzMUsHDXm4zQ"]], "results": [{"std": 73.490951824017088, "time": 17.110999822616577, "mean": 8476.3999999999996}]}