{"nodes": [["CvMVd31cnTfzMUsHDXm4zQ", "UC_qDpZKgaW2vb_CduoKaw", "rYH47SKa2YEpqcxm0mq49A"]], "results": [{"std": 46.205320040012708, "time": 22.937999963760376, "mean": 8968.2199999999993}]}