{"nodes": [["LrgQbdg3V7uqLllQEbsKRg", "ONucIvaEeBm4MQiGTRkn-w", "K5dxGhJ99TmS6La6krwkcg"]], "results": [{"std": 43.904901776453158, "time": 18.872999906539917, "mean": 8990.1399999999994}]}