{"nodes": [["NzWLMPvbEval0OVg_YDn4g", "4G68oLRY3aHE5XUt_MUUcA", "CvMVd31cnTfzMUsHDXm4zQ"]], "results": [{"std": 64.714081929669689, "time": 20.98900008201599, "mean": 8470.2600000000002}]}