{"nodes": [["NzWLMPvbEval0OVg_YDn4g", "4G68oLRY3aHE5XUt_MUUcA", "CvMVd31cnTfzMUsHDXm4zQ"]], "results": [{"std": 71.871707924606881, "time": 16.563000202178955, "mean": 8466.2399999999998}]}