{"nodes": [["pmqdn4Els20D5bDe4R-YBA", "4G68oLRY3aHE5XUt_MUUcA", "MfvpbotdiU-XAzffQqCyTw"]], "results": [{"std": 44.562446072898645, "time": 18.17199993133545, "mean": 8970.7800000000007}]}