{"nodes": [["m1k1Bf0l1EbrlyJu7vXz6g", "xSQyeCTH73Qd-2DBOrUMVA", "fP15-ukg9BsFEBj75bItpw"]], "results": [{"std": 62.606708905675596, "time": 18.747999906539917, "mean": 8991.0}]}